[
  {
    "country": "Türkiye",
    "latitude": 39.0,
    "longitude": 35.0,
    "users": 300,
    "platform": ["Android", "Web"],
    "language": ["Türkçe"]
  },
  {
    "country": "ABD",
    "latitude": 37.8,
    "longitude": -96.0,
    "users": 250,
    "platform": ["Android"],
    "language": ["İngilizce"]
  },
  {
    "country": "İsveç",
    "latitude": 60.1,
    "longitude": 18.0,
    "users": 120,
    "platform": ["Android"],
    "language": ["İngilizce", "İsveççe"]
  },
  {
    "country": "İrlanda",
    "latitude": 53.3,
    "longitude": -7.0,
    "users": 80,
    "platform": ["Android"],
    "language": ["İngilizce"]
  },
  {
    "country": "Almanya",
    "latitude": 51.0,
    "longitude": 10.0,
    "users": 90,
    "platform": ["Web"],
    "language": ["Almanca"]
  },
  {
    "country": "Meksika",
    "latitude": 23.6,
    "longitude": -102.5,
    "users": 60,
    "platform": ["Web"],
    "language": ["İspanyolca"]
  }
]
