[
  {
    "country": "Türkiye",
    "latitude": 39.0,
    "longitude": 35.0,
    "users": 417,
    "platform": ["Android", "Web"],
    "language": ["Türkçe"]
  },
  {
    "country": "ABD",
    "latitude": 37.8,
    "longitude": -96.0,
    "users": 253,
    "platform": ["Android", "web"],
    "language": ["İngilizce"]
  },
  {
    "country": "İsveç",
    "latitude": 60.1,
    "longitude": 18.0,
    "users": 102,
    "platform": ["Android"],
    "language": ["İngilizce", "İsveççe"]
  },
  {
    "country": "İrlanda",
    "latitude": 53.3,
    "longitude": -7.0,
    "users": 47,
    "platform": ["Android"],
    "language": ["İngilizce"]
  },
  {
    "country": "Almanya",
    "latitude": 51.0,
    "longitude": 10.0,
    "users": 68,
    "platform": ["Web"],
    "language": ["Almanca"]
  },
  {
    "country": "Meksika",
    "latitude": 23.6,
    "longitude": -102.5,
    "users": 62,
    "platform": ["Web"],
    "language": ["İspanyolca"]
  },
  {
    "country": "Hindistan",
    "latitude": 22.3511148,
    "longitude": 78.6677428,
    "users": 26,
    "platform": ["Android", "Web"],
    "language": ["Hintçe"]
  },
    {
    "country": "Bulgaristan",
    "latitude": 42.6073975,
    "longitude": 25.4856617,
    "users": 24,
    "platform": ["Android", "Web"],
    "language": ["Bulgarca"]
  },
  {
    "country": "İspanya",
    "latitude": 39.3260685,
    "longitude": -4.8379791,
    "users": 28,
    "platform": ["Android", "Web"],
    "language": ["İspanyolca"]
  },
  {
    "country": "Güney Afrika",
    "latitude": -28.8166236,
    "longitude": 24.991639,
    "users": 37,
    "platform": ["Android", "Web"],
    "language": ["Afrikanca"]
  },
  {
    "country": "Rusya",
    "latitude": 64.6863136,
    "longitude": 97.7453061,
    "users": 26,
    "platform": ["Android", "Web"],
    "language": ["Rusça"]
  },
  {
    "country": "Kanada",
    "latitude": 64.6863136,
    "longitude": -107.991707,
    "users": 39,
    "platform": ["Android", "Web"],
    "language": ["Fransızca", "İngilizce"]
  },
  {
    "country": "Azerbaycan",
    "latitude": 40.3936294,
    "longitude": 47.7872508,
    "users": 76,
    "platform": ["Android", "Web"],
    "language": ["Azeri Türkçesi", "Rusça"]
  },
  {
    "country": "İran",
    "latitude": 32.6475314,
    "longitude": 54.6475314,
    "users": 15,
    "platform": ["Android", "Web"],
    "language": ["Farsça"]
  },
  {
    "country": "Filipinler",
    "latitude": 12.7503486,
    "longitude": 122.7312101,
    "users": 9,
    "platform": ["Android", "Web"],
    "language": ["Filipince"]
  },
  {
    "country": "Brezilya",
    "latitude": -10.333333,
    "longitude": -53.2,
    "users": 13,
    "platform": ["Android", "Web"],
    "language": ["Portekizce"]
  },
    {
    "country": "Singapur",
    "latitude": 1.289,
    "longitude": 103.851,
    "users": 4,
    "platform": ["Android", "Web"],
    "language": ["Singapur Mandarini", "Tamilce"]
  },
      {
    "country": "Seyşeller",
    "latitude": -4.6574977,
    "longitude": 55.4540146,
    "users": 2,
    "platform": ["Android", "Web"],
    "language": ["Seyşeller Kreolü"]
  },
       {
    "country": "Seyşeller",
    "latitude": -4.6574977,
    "longitude": 55.4540146,
    "users": 4,
    "platform": ["Android", "Web"],
    "language": ["Seyşeller Kreolü"]
  },
     {
    "country": "Hollanda",
    "latitude": 52.747495,
    "longitude": 5.954014,
    "users": 3,
    "platform": ["Android", "Web"],
    "language": ["Felemenkçe"]
  },
       {
    "country": "Vietnamca",
    "latitude": 15.747495,
    "longitude": 107.954014,
    "users": 1,
    "platform": ["Android", "Web"],
    "language":  ["Vietnamca"]
  },
      {
    "country": "Ermenistan",
    "latitude": 40.747495,
    "longitude": 44.954014,
    "users": 2,
    "platform": ["Android", "Web"],
    "language": ["Ermenice"]
  },
        {
    "country": "Fransa",
    "latitude": 46.747495,
    "longitude": 1.954014,
    "users": 4,
    "platform": ["Android", "Web"],
    "language": ["Fransızca"]
  },
          {
    "country": "Pakistan",
    "latitude": 30.747495,
    "longitude": 71.954014,
    "users": 50,
    "platform": ["Android", "Web"],
    "language": ["Urduca"]
  },        {
    "country": "Arjantin",
    "latitude": -34.747495,
    "longitude": -64.954014,
    "users": 5,
    "platform": ["Android", "Web"],
    "language": ["ispanyolca"]
  },
          {
    "country": "Birleşik Arap Emirlikleri",
    "latitude": 24.747495,
    "longitude": 53.954014,
    "users": 8,
    "platform": ["Android", "Web"],
    "language": ["Arapça"]
  },
          {
    "country": "Avustralya",
    "latitude": -24.747495,
    "longitude": 134.954014,
    "users": 7,
    "platform": ["Android", "Web"],
    "language": ["İngilizce"]
  },
           {
    "country": "Avusturya",
    "latitude": 47.747495,
    "longitude": 14.954014,
    "users": 12,
    "platform": ["Android", "Web"],
    "language": ["Almanca"]
  },
          {
    "country": "Angola",
    "latitude": -11.747495,
    "longitude": 17.954014,
    "users": 2,
    "platform": ["Android", "Web"],
    "language": ["Portekizce"]
  }
]